<HBProfile>
  <MinDurability>0.4</MinDurability>
  <MinFreeBagSlots>2</MinFreeBagSlots>
  <SellGrey>True</SellGrey>
  <SellWhite>False</SellWhite>
  <SellGreen>False</SellGreen>
  <SellPurple>False</SellPurple>  

  <ProtectedItems>
    <Item>27854</Item>
    <Item>37201</Item>
    <Item>24401</Item>
    <Item>4538</Item>
    <Item>8766</Item>
  </ProtectedItems>
  
  <SubProfile>
    <MinLevel>0</MinLevel>
    <MaxLevel>87</MaxLevel>
    <Factions>999999</Factions>
    <Mesh Name="Alliance Outlands.mesh" ServerID="33" />
    <Hotspots>
      <Hotspot X="-3982.07" Y="2156.47" Z="104.8906" />
    </Hotspots>
  </SubProfile>
</HBProfile>


    
       
