<HBProfile>
	<!-- Run Bot in Quest Mode -->
	<Name>[Horde] Skinning 1-525 [AtticusG3]</Name>
	<MinDurability>0.3</MinDurability>
	<MinFreeBagSlots>2</MinFreeBagSlots>
	<SellGrey>True</SellGrey>
	<SellWhite>True</SellWhite>
	<SellGreen>False</SellGreen>
	<MailWhite>False</MailWhite>
	<MailGreen>True</MailGreen>
	<MailBlue>True</MailBlue>
	<MailGreenYellow>True</MailGreenYellow>
	<MinLevel>1</MinLevel>
	<MaxLevel>91</MaxLevel>
	<Mailboxes>
		<!-- Durotar -->
		<Mailbox X="321.8162" Y="-4707.742" Z="14.555" />
		<!-- Northern Barrens -->
		<Mailbox X="-440.7929" Y="-2652.555" Z="95.87133" />
		<!--Ashenvale-->
		<Mailbox X="2330.655" Y="-2546.743" Z="102.4219" />
		<!-- Southern Barrens -->
		<Mailbox X="-2350.32" Y="-1945.408" Z="95.80665" />
		<!-- Winterspring -->
		<Mailbox X="6704.82" Y="-4666.534" Z="721.6656" />
		<!-- Northrend - From Kicks -->
		<Mailbox X="5417.483" Y="-2622.84" Z="307.0455" />
		<Mailbox X="5560.739" Y="5755.742" Z="-76.24096" />
		<!-- Argent Stand -->
		<Mailbox X="3476.894" Y="2003.463" Z="64.87822" />
		<!-- Star's Rest -->
		<Mailbox X="8591.42" Y="693.5306" Z="547.293" />
		<Mailbox X="3401.819" Y="-2810.98" Z="200.4462" />
		<Mailbox X="568.1748" Y="-4936.134" Z="18.03235" />
		<Mailbox X="5566.33" Y="5758.396" Z="-75.22648" />
		<!-- Hyjal -->
		<Mailbox X="4937.644" Y="-2709.396" Z="1432.271" />
		<Mailbox X="5525.364" Y="-3625.407" Z="1567.266" />
		<Mailbox X="5135.565" Y="-1723.492" Z="1336.023" />
		<Mailbox X="5135.565" Y="-1723.492" Z="1336.023" />
		<!-- Uldum -->
		<Mailbox X="-8352.407" Y="784.2535" Z="151.3457" />
		<Mailbox X="-9429.111" Y="-967.3807" Z="111.0115" />
	</Mailboxes>
	<Vendors>
		<!-- Orgrimmar -->
		<Vendor Name="Urtharo" Entry="3314" Type="Repair" X="1639.75" Y="-4316.71" Z="21.1195" />
		<!-- Durotar -->
		<Vendor Name="Ghrawt" Entry="3165" Type="Repair" X="362.1046" Y="-4763.842" Z="12.46935" />
		<!-- Northern Barrens -->
		<Vendor Name="Halija Whitestrider" Entry="3486" Type="Repair" X="-539.8406" Y="-2672.23" Z="95.78771" />
		<!-- Ashenvale -->
		<Vendor Name="Burkrum" Entry="6028" Type="Repair" X="2346.262" Y="-2582.214" Z="103.0939" />
		<!-- Southern Barrens -->
		<Vendor Name="Sanuye Runetotem" Entry="10380" Type="Repair" X="-2117.366" Y="-1720.104" Z="98.25043" />
		<!-- Ungoro Crater -->
		<Vendor Name="Gibbert" Entry="3000" Type="Repair" X="-7491.394" Y="-1501.245" Z="-266.0463" />
		<!-- Unu'pe, Borean Tundra -->
		<Vendor Name="James Deacon" Entry="25245" Type="Food" X="2282.294" Y="5210.832" Z="12.49439" />
		<!-- Valiance Keep, Borean Tundra -->
		<Vendor Name="Caregiver Mumik" Entry="27174" Type="Food" X="2779.231" Y="927.0215" Z="22.52661" />
		<!-- Nesingwary Base, Sholazar Basin -->
		<Vendor Name="Mardan Thunderhoof" Entry="28040" Type="Repair" X="5552.257" Y="5738.877" Z="-76.21759" />
		<!-- Hyjal -->
		<Vendor Name="Mahaega Grimforge" Entry="43564" Type="Repair" X="4610.84" Y="-4729.36" Z="883.6992" />
		<Vendor Name="Nunaha Grasshoof" Entry="43495" Type="Repair" X="4924.59" Y="-2740.14" Z="1437.64" />
		<Vendor Name="Jalin Lakedeep" Entry="43380" Type="Repair" X="5180.91" Y="-1716.01" Z="1339.965" />
		<Vendor Name="Toron Rockhoof" Entry="43410" Type="Repair" X="5573.142" Y="-3603.472" Z="1570.72" />
		<Vendor Name="Inoho Stronghide" Entry="43550" Type="Repair" X="4421.68" Y="-2095.55" Z="1205.802" />
		<Vendor Name="Lenedil Moonwing" Entry="43411" Type="Food" X="5523.79" Y="-3597.42" Z="1570.051" />
		<!-- Nordrassil -->
		<Vendor Name="Tomo" Entry="43381" Type="Food" X="5184" Y="-1717.68" Z="1339.956" />
		<!-- Grove of Aessina -->
		<Vendor Name="Tomo" Entry="43381" Type="Food" X="5184" Y="-1717.68" Z="1339.956" />
		<!-- Shrine of Aviana -->
		<Vendor Name="Nenduil Meadowshade" Entry="43551" Type="Food" X="4422.02" Y="-2098.77" Z="1205.738" />
		<!-- Uldum -->
		<Vendor Name="&quot;Chesty&quot; Jake" Entry="49409" Type="Repair" X="-8353.455" Y="759.2292" Z="151.4582" />
		<Vendor Name="Blacksmith Abasi" Entry="48617" Type="Repair" X="-9404.68" Y="-906.438" Z="112.5407" />
	</Vendors>
	<AvoidMobs>
		<Mob Name="Wildthorn Venomspitter" Entry="3820" />
		<Mob Name="Shackled Earth" Entry="47816" />
		<Mob Name="Twilight Shaper" Entry="47804" />
		<Mob Name="Bound Vortex" Entry="47766" />
		<Mob Name="Bound Fury" Entry="47763" />
		<Mob Name="Sapphire Hive Drone" Entry="28085"/>
		<Mob Name="Frenzyheart" Entry="28076"/>
		<Mob Name="Neferset Sentry" Entry="46311"/>
		<Mob Name="Sapphire Hive Wasp" Entry="28086" />
	</AvoidMobs>
	<Blackspots>
		<!-- Forest Song Alliance camp -->
		<Blackspot X="2967.899" Y="-3290.422" Z="157.8666" Radius="61.13169" />
		<!-- Ashenvale alliance druid npc -->
		<Blackspot X="1761.225" Y="-2649.768" Z="105.3705" Radius="25.04349" />
		<!-- Org -->
		<Blackspot X="1918.384" Y="-4584.305" Z="38.08955" Radius="2.488826" />
		<Blackspot X="1904.622" Y="-4611.38" Z="38.08939" Radius="2.925328" />
		<Blackspot X="1945.513" Y="-4697.564" Z="36.01491" Radius="5.738221" />
		<Blackspot X="1955.528" Y="-4720.438" Z="37.65824" Radius="2.542814" />
		<Blackspot X="1909.309" Y="-4678.926" Z="35.30098" Radius="1.203703" />
		<Blackspot X="1904.355" Y="-4509.64" Z="26.82976" Radius="3.579645" />
		<Blackspot X="1736.511" Y="-4442.859" Z="39.60423" Radius="1.832101" />
	</Blackspots>
	<QuestOrder>
		<CustomBehavior File="UserSettings" LootMobs="True" PullDistance="35" TrainNewSkills="False" LearnFlightPaths="False" KillBetweenHotspots="True" LogoutForInactivity="False" SkinMobs="True" />
		<CustomBehavior File="Message" Text="HB: *****************************" LogColor="GreenYellow" />
		<CustomBehavior File="Message" Text="HB: [Horde] Skinning 1-350 [AtticusG3]" LogColor="GreenYellow" />
		<CustomBehavior File="Message" Text="HB: Thanks to:" LogColor="GreenYellow" />
		<CustomBehavior File="Message" Text="HB: Kickz - for much copypasta" LogColor="GreenYellow" />
		<CustomBehavior File="Message" Text="HB: Highvoltz - for Professionbuddy" LogColor="GreenYellow" />
		<CustomBehavior File="Message" Text="HB: Kritical - for his hotspots" LogColor="GreenYellow" />
		<CustomBehavior File="Message" Text="HB: The HB Dev Team - for freeing me" LogColor="GreenYellow" />
		<CustomBehavior File="Message" Text="HB: *****************************" LogColor="GreenYellow" />
		<If Condition="(Me.GetSkill(Styx.SkillLine.Skinning).CurrentValue &lt;= 60)" >
			<CustomBehavior File="Message" Text="HB: Durotar Skinning 1-60" LogColor="Orange" />
			<CustomBehavior File="FlyTo" X="444.7475" Y="-4409.524" Z="26.6702" />
			<CustomBehavior File="ForcedDismount" />
			<SetGrindArea>
				<GrindArea>
					<Name>Durotar Skinning 1-60</Name>
					<LootRadius>100</LootRadius>
					<Factions>14 48 189 413</Factions>
					<Hotspots>
						<Hotspot X="918.0325" Y="-4366.379" Z="15.99553" />
						<Hotspot X="838.9921" Y="-4280.592" Z="20.48676" />
						<Hotspot X="741.2353" Y="-4194.138" Z="22.4389" />
						<Hotspot X="724.9243" Y="-4243.474" Z="19.52239" />
						<Hotspot X="553.72" Y="-4378.456" Z="23.77942" />
						<Hotspot X="444.7475" Y="-4409.524" Z="26.6702" />
						<Hotspot X="339.9256" Y="-4420.312" Z="21.19211" />
						<Hotspot X="423.2525" Y="-4536.042" Z="50.03486" />
						<Hotspot X="553.406" Y="-4563.215" Z="42.29296" />
					</Hotspots>
				</GrindArea>
			</SetGrindArea>
			<GrindTo Condition="(Me.GetSkill(Styx.SkillLine.Skinning).CurrentValue &gt;= 60)" GoalText="Durotar Skinning 1-60" />
		</If>
		<If Condition="(Me.GetSkill(Styx.SkillLine.Skinning).CurrentValue &gt;= 60) &amp;&amp;  (Me.GetSkill(Styx.SkillLine.Skinning).CurrentValue &lt;= 109)" >
			<CustomBehavior File="Message" Text="HB: Northern Barrens Skinning 60-110" LogColor="Orange" />
			<CustomBehavior File="FlyTo" X="-481.888" Y="-2741.277" Z="92.42196" />
			<CustomBehavior File="ForcedDismount" />
			<SetGrindArea>
				<GrindArea>
					<Name>Northern Barrens Skinning 60-110</Name>
					<LootRadius>100</LootRadius>
					<Factions>16 189</Factions>
					<Hotspots>
						<Hotspot X="-481.888" Y="-2741.277" Z="92.42196" />
						<Hotspot X="-610.7733" Y="-2743.744" Z="93.10516" />
						<Hotspot X="-782.8475" Y="-2667.124" Z="92.91489" />
						<Hotspot X="-907.9286" Y="-2659.421" Z="93.05516" />
						<Hotspot X="-793.5355" Y="-2767.063" Z="93.81752" />
						<Hotspot X="-818.6061" Y="-2934.018" Z="91.66775" />
					</Hotspots>
				</GrindArea>
			</SetGrindArea>
			<GrindTo Condition="(Me.GetSkill(Styx.SkillLine.Skinning).CurrentValue &gt;= 110)" GoalText="Northern Barrens Skinning 60-110" />
		</If>
		<If Condition="(Me.GetSkill(Styx.SkillLine.Skinning).CurrentValue &gt;= 110) &amp;&amp;  (Me.GetSkill(Styx.SkillLine.Skinning).CurrentValue &lt;= 204)" >
			<CustomBehavior File="Message" Text="HB: Ashenvale Skinning 110-205" LogColor="Orange" />
			<CustomBehavior File="FlyTo" X="2258.03" Y="-2336.94" Z="106.0621" />
			<CustomBehavior File="ForcedDismount" />
			<SetGrindArea>
				<GrindArea>
					<Name>Ashenvale Skinning 110-205</Name>
					<LootRadius>100</LootRadius>
					<Factions>38 44 189</Factions>
					<Hotspots>
						<Hotspot X="2258.03" Y="-2336.94" Z="106.0621" />
						<Hotspot X="2490.428" Y="-2424.324" Z="157.6036" />
						<Hotspot X="2563.232" Y="-2508.015" Z="167.2721" />
						<Hotspot X="2648.219" Y="-2465.86" Z="171.3493" />
						<Hotspot X="2763.579" Y="-2413.968" Z="201.8775" />
						<Hotspot X="2708.314" Y="-2295.29" Z="201.2215" />
					</Hotspots>
				</GrindArea>
			</SetGrindArea>
			<GrindTo Condition="(Me.GetSkill(Styx.SkillLine.Skinning).CurrentValue &gt;= 205)" GoalText="Ashenvale Skinning 110-205" />
		</If>
		<If Condition="(Me.GetSkill(Styx.SkillLine.Skinning).CurrentValue &gt;= 205) &amp;&amp;  (Me.GetSkill(Styx.SkillLine.Skinning).CurrentValue &lt;= 294)" >
			<CustomBehavior File="Message" Text="HB: Thousand Needles Skinning 205-295" LogColor="Orange" />
			<CustomBehavior File="FlyTo" X="-5843.207" Y="-3181.458" Z="90.93679" />
			<CustomBehavior File="ForcedDismount" />
			<SetGrindArea>
				<GrindArea>
					<Name>Thousand Needles Skinning 205-295</Name>
					<LootRadius>100</LootRadius>
					<Factions>413</Factions>
					<Hotspots>
						<Hotspot X="-5843.207" Y="-3181.458" Z="90.93679" />
						<Hotspot X="-5936.537" Y="-3186.205" Z="88.11454" />
						<Hotspot X="-5979.795" Y="-3251.158" Z="86.84407" />
						<Hotspot X="-6054.289" Y="-3298.094" Z="86.85903" />
						<Hotspot X="-6199.896" Y="-3333.394" Z="86.4921" />
					</Hotspots>
				</GrindArea>
			</SetGrindArea>
			<GrindTo Condition="(Me.GetSkill(Styx.SkillLine.Skinning).CurrentValue &gt;= 295)" GoalText="Thousand Needles Skinning 205-295" />
		</If>
		<If Condition="(Me.GetSkill(Styx.SkillLine.Skinning).CurrentValue &gt;= 295) &amp;&amp;  (Me.GetSkill(Styx.SkillLine.Skinning).CurrentValue &lt;= 349)" >
			<CustomBehavior File="Message" Text="HB: Ungoro Skinning 295-350" LogColor="Orange" />
			<CustomBehavior File="FlyTo" X="-7648.976" Y="-1581.542" Z="-272.1827" />
			<CustomBehavior File="ForcedDismount" />
			<SetGrindArea>
				<GrindArea>
					<Name>Ungoro Skinning 295-350</Name>
					<LootRadius>100</LootRadius>
					<Factions>14 48</Factions>
					<Hotspots>
						<Hotspot X="-7648.976" Y="-1581.542" Z="-272.1827" />
						<Hotspot X="-7728.53" Y="-1714.173" Z="-272.1382" />
						<Hotspot X="-7615.584" Y="-1946.368" Z="-270.6071" />
						<Hotspot X="-7360.811" Y="-2008.413" Z="-269.2249" />
						<Hotspot X="-7253.261" Y="-2112.199" Z="-272.2222" />
						<Hotspot X="-7172.092" Y="-1874.118" Z="-272.0605" />
						<Hotspot X="-7427.617" Y="-1770.502" Z="-273.5339" />
						<Hotspot X="-7566.051" Y="-1727.453" Z="-272.687" />
					</Hotspots>
				</GrindArea>
			</SetGrindArea>
			<GrindTo Condition="(Me.GetSkill(Styx.SkillLine.Skinning).CurrentValue &gt;= 350)" GoalText="Ungoro Crater Skinning 295-350" />
		</If>
		<If Condition="(Me.GetSkill(Styx.SkillLine.Skinning).CurrentValue == 350) &amp;&amp; (Me.MapId == 1) &amp;&amp; (Me.ZoneId != 1637)" >
			<CustomBehavior File="Message" Text="HB: Flying To Org" LogColor="Orange" />
			<CustomBehavior File="FlyTo" X="2010.681" Y="-4692.224" Z="28.69317" />
			<CustomBehavior File="ForcedDismount" />
			<CustomBehavior File="UserSettings" LearnFlightPaths="False" UseFlightPaths="False" TrainNewSkills="False" />
		</If>
		<If Condition="(Me.GetSkill(Styx.SkillLine.Skinning).CurrentValue == 350) &amp;&amp; (Me.MapId == 1) &amp;&amp; (Me.ZoneId == 1637)" >
			<If Condition="Me.Class != WoWClass.DeathKnight">
				<CustomBehavior File="UserSettings" TrainNewSkills="True" />
				<CustomBehavior File="ForceSetVendor" DoTrain="True" DoSell="True" DoRepair="True" DoMail="True" />
			</If>
			<CustomBehavior File="Message" Text="HB: Running to Org Zepp to Borean" LogColor="Cornflowerblue" />
			<RunTo X="1763.389" Y="-4283.858" Z="133.1073" />
			<CustomBehavior File="Message" Text="HB: Waiting for Org Zepp to Borean - don't interact!" LogColor="Orange" />
			<CustomBehavior File="UseTransport" TransportId="186238"	WaitAtX="1763.203" WaitAtY="-4284.529" WaitAtZ="133.1072" 	TransportStartX="1775.066" TransportStartY="-4299.745" TransportStartZ="151.0326" 	StandOnX="1770.22" StandOnY="-4292.056" StandOnZ="133.1872" 	TransportEndX="2837.908" TransportEndY="6187.443" TransportEndZ="140.1648" 	GetOffX="2836.831" GetOffY="6185.15" GetOffZ="121.9923" />
		</If>
		<If Condition="(Me.GetSkill(Styx.SkillLine.Skinning).CurrentValue &gt;= 350) &amp;&amp;  (Me.GetSkill(Styx.SkillLine.Skinning).CurrentValue &lt;= 414) &amp;&amp; Me.MapId == 571" >
			<CustomBehavior File="Message" Text="HB: Borean Tundra 350-415" LogColor="Orange" />
			<CustomBehavior File="FlyTo" X="2209.275" Y="5942.508" Z="63.80613" />
			<CustomBehavior File="ForcedDismount" />
			<SetGrindArea>
				<GrindArea>
					<Name>Borean Tundra Skinning 350-415</Name>
					<LootRadius>100</LootRadius>
					<Factions>14 15 1917</Factions>
					<Hotspots>
						<Hotspot X="2209.275" Y="5942.508" Z="63.80613" />
						<Hotspot X="2106.751" Y="6131.38" Z="47.91597" />
						<Hotspot X="1990.278" Y="6070.782" Z="32.47744" />
						<Hotspot X="2047.347" Y="5936.042" Z="45.92144" />
						<Hotspot X="2042.319" Y="5776.227" Z="35.61695" />
						<Hotspot X="2183.481" Y="5758.797" Z="60.54704" />
					</Hotspots>
				</GrindArea>
			</SetGrindArea>
			<GrindTo Condition="(Me.GetSkill(Styx.SkillLine.Skinning).CurrentValue &gt;= 415)" GoalText="Borean Tundra Skinning 350-415" />
		</If>
		<If Condition="(Me.GetSkill(Styx.SkillLine.Skinning).CurrentValue &gt;= 415) &amp;&amp;  (Me.GetSkill(Styx.SkillLine.Skinning).CurrentValue &lt;= 449) &amp;&amp; Me.MapId == 571" >
			<CustomBehavior File="Message" Text="HB: Sholozar Basin Skinning 415-450" LogColor="Orange" />
			<CustomBehavior File="FlyTo" X="5092.071" Y="4493.334" Z="-99.12112" />
			<CustomBehavior File="ForcedDismount" />
			<SetGrindArea>
				<GrindArea>
					<Name>Sholozar Basin Skinning 415-450</Name>
					<LootRadius>100</LootRadius>
					<Factions>16 189</Factions>
					<Hotspots>
						<Hotspot X="5092.071" Y="4493.334" Z="-99.12112" />
						<Hotspot X="5133.25" Y="4135.763" Z="-77.06448" />
						<Hotspot X="5248.096" Y="4300.229" Z="-95.56544" />
						<Hotspot X="5169.407" Y="4412.693" Z="-95.15634" />
						<Hotspot X="5252.533" Y="4050.375" Z="-72.38289" />
					</Hotspots>
				</GrindArea>
			</SetGrindArea>
			<GrindTo Condition="(Me.GetSkill(Styx.SkillLine.Skinning).CurrentValue &gt;= 450)" GoalText="Sholozar Basin Skinning 415-450" />
		</If>
		<If Condition="(Me.GetSkill(Styx.SkillLine.Skinning).CurrentValue == 450) &amp;&amp; Me.MapId == 571" >
			<CustomBehavior File="Message" Text="HB: Heading back to Org via Warsong Hold" LogColor="Orange" />
			<CustomBehavior File="UserSettings" LearnFlightPaths="False" UseFlightPaths="False" TrainNewSkills="False" />
			<CustomBehavior File="FlyTo" DestName="Borean Tundra" X="2708.396" Y="6066.991" Z="109.617" />
			<CustomBehavior File="FlyTo" DestName="Warsong Hold, BT" X="2740.837" Y="6097.529" Z="76.88604" />
			<CustomBehavior File="Message" Text="HB: Running to Borean Zepp to Org" LogColor="Cornflowerblue" />
			<RunTo X="2829.74" Y="6179.48" Z="121.9793" />
			<CustomBehavior File="Message" Text="HB: Waiting for Borean Zepp to Org - don't interact!" LogColor="Orange" />
			<CustomBehavior File="UseTransport" TransportId="186238"	WaitAtX="2835.87" WaitAtY="6184.617" WaitAtZ="121.9114" 	TransportStartX="2837.908" TransportStartY="6187.443" TransportStartZ="140.1648" 	StandOnX="2844.171" StandOnY="6191.577" StandOnZ="122.3017" 	TransportEndX="1775.066" TransportEndY="-4299.745" TransportEndZ="151.0326" 	GetOffX="1763.203" GetOffY="-4284.529" GetOffZ="133.1072" />
		</If>
		<If Condition="Me.MapId == 1 &amp;&amp; (Me.ZoneId == 1637)" >
			<If Condition="Me.Class != WoWClass.DeathKnight">
				<CustomBehavior File="UserSettings" TrainNewSkills="True" />
				<CustomBehavior File="ForceSetVendor" DoTrain="True" DoSell="True" DoRepair="True" DoMail="True" />
			</If>
		</If>
		<If Condition="(Me.GetSkill(Styx.SkillLine.Skinning).CurrentValue &gt;= 450) &amp;&amp;  (Me.GetSkill(Styx.SkillLine.Skinning).CurrentValue &lt;= 499) &amp;&amp; Me.MapId == 1" >
			<!-- Thanks to Bobby 53 for this Portal Code -->
			<If Condition="Me.ZoneId == 1637" >
				<!-- if we got the auto-quest then turn in -->
				<If Condition="HasQuest(28790)" >
					<!-- fly to Farseer Krogar @ portals in Orgrimmar -->
					<CustomBehavior File="FlyTo"  X="2044.765" Y="-4380.304" Z="99.21565"  />
					<TurnIn QuestName="A Personal Summons" QuestId="28790" TurnInName="Farseer Krogar" TurnInId="45244" />
				</If>
				<!-- if we have done warchief's command breadcrumb before, then use portal -->
				<If Condition="!HasQuest(27721) &amp;&amp; IsQuestCompleted(27721)" >
					<CustomBehavior File="Message" Text="HB: Using Mount Hyjal Portal" LogColor="Orange" />
					<!-- fly to portal area -->
					<CustomBehavior File="FlyTo" X="2045.171" Y="-4389.435" Z="98.802" />
					<CustomBehavior File="ForcedDismount" QuestId="0" />
					<CustomBehavior File="InteractWith" QuestId="0" ObjectType="Gameobject" MobId="207688" NumOfTimes="1" Range="5" WaitTime="10000" CollectionDistance="10" X="2045.171" Y="-4389.435" Z="98.802" />
				</If>
			</If>
			<CustomBehavior File="Message" Text="HB: Hyjal Skinning 450-500" LogColor="Orange" />
			<CustomBehavior File="FlyTo" X="5366.872" Y="-2668.849" Z="1485.161" />
			<CustomBehavior File="ForcedDismount" />
			<SetGrindArea>
				<GrindArea>
					<Name>Hyjal Skinning 450-500</Name>
					<LootRadius>100</LootRadius>
					<Factions>1999</Factions>
					<Hotspots>
						<Hotspot X="5366.872" Y="-2668.849" Z="1485.161" />
						<Hotspot X="5453.672" Y="-2625.188" Z="1480.239" />
						<Hotspot X="5533.748" Y="-2674.326" Z="1490.564" />
						<Hotspot X="5576.17" Y="-2601.565" Z="1489.84" />
						<Hotspot X="5512.061" Y="-2504.058" Z="1477.432" />
						<Hotspot X="5460.632" Y="-2380.022" Z="1463.722" />
						<Hotspot X="5416.627" Y="-2440.342" Z="1471.657" />
					</Hotspots>
				</GrindArea>
			</SetGrindArea>
			<GrindTo Condition="(Me.GetSkill(Styx.SkillLine.Skinning).CurrentValue &gt;= 500)" GoalText="Hyjal Skinning 450-500" />
		</If>
		<If Condition="(Me.GetSkill(Styx.SkillLine.Skinning).CurrentValue &gt;= 500) &amp;&amp;  (Me.GetSkill(Styx.SkillLine.Skinning).CurrentValue &lt;= 524) &amp;&amp; Me.MapId == 1" >
			<CustomBehavior File="Message" Text="HB: Uldum Skinning 500-525" LogColor="Orange" />
			<CustomBehavior File="FlyTo" X="-10696.02" Y="-1483.91" Z="14.40627" />
			<CustomBehavior File="ForcedDismount" />
			<SetGrindArea>
				<GrindArea>
					<Name>Uldum Skinning 500-525</Name>
					<LootRadius>100</LootRadius>
					<Factions>14</Factions>
					<Hotspots>
						<Hotspot X="-10696.02" Y="-1483.91" Z="14.40627" />
						<Hotspot X="-10847.23" Y="-1605.957" Z="10.7511" />
						<Hotspot X="-11007.38" Y="-1722.946" Z="0.6282883" />
						<Hotspot X="-11167.47" Y="-1822.501" Z="1.686153" />
						<Hotspot X="-11160.01" Y="-1717.162" Z="1.441346" />
						<Hotspot X="-11169.58" Y="-1638.465" Z="0.1828978" />
						<Hotspot X="-11283.24" Y="-1524.318" Z="1.19366" />
						<Hotspot X="-11260.99" Y="-1444.957" Z="5.231743" />
						<Hotspot X="-11372.71" Y="-1414.355" Z="1.356449" />
					</Hotspots>
				</GrindArea>
			</SetGrindArea>
			<GrindTo Condition="(Me.GetSkill(Styx.SkillLine.Skinning).CurrentValue &gt;= 525)" GoalText="Uldum Skinning 500-525" />
		</If>
		<If Condition="(Me.GetSkill(Styx.SkillLine.Skinning).CurrentValue == 525) &amp;&amp; (Me.MapId == 1) &amp;&amp; (Me.ZoneId != 1637)" >
			<CustomBehavior File="Message" Text="HB: Flying To Org" LogColor="Orange" />
			<CustomBehavior File="FlyTo" X="2010.681" Y="-4692.224" Z="28.69317" />
			<CustomBehavior File="ForcedDismount" />
			<CustomBehavior File="UserSettings" LearnFlightPaths="False" UseFlightPaths="False" TrainNewSkills="True" />
		</If>
		<If Condition="(Me.GetSkill(Styx.SkillLine.Skinning).CurrentValue == 525) &amp;&amp; Me.MapId == 1 &amp;&amp; (Me.ZoneId == 1637)" >
			<CustomBehavior File="Message" Text="HB: Congratulations, you are now @ 525 Skinning" LogColor="Orange" />
		</If>
	</QuestOrder>
</HBProfile>