﻿<?xml version="1.0" encoding="utf-8"?>
<Professionbuddy>
	<ChangeBotAction BotName="Combat Bot" />
	<CustomAction Code="CharacterSettings.Instance.SkinMobs = true;" />
	<CustomAction Code="CharacterSettings.Instance.LootMobs = true;" />
	<CustomAction Code="CharacterSettings.Instance.LootChests = false;" />
	<If Condition="Me.IsAlliance" IgnoreCanRun="True">
		<CustomAction Code="MessageBox.Show(&quot;This profile doesn't support Alliance yet&quot;);" />
		<CustomAction Code="TreeRoot.Stop();" />
	</If>
	<If Condition="Me.IsHorde &amp;&amp; Me.MapId != 1 &amp;&amp;  Me.GetSkill(Styx.SkillLine.Skinning).CurrentValue &lt;= 349" IgnoreCanRun="True">
		<CustomAction Code="MessageBox.Show(&quot;You need to move to Kalimdor&quot;);" />
		<CustomAction Code="TreeRoot.Stop();" />
	</If>
	<While Condition="true" IgnoreCanRun="True">
		<If Condition="SecondaryBot.Name != &quot;Questing&quot;" IgnoreCanRun="True">
			<ChangeBotAction BotName="Questing" />
		</If>
		<If Condition="Me.GetSkill(Styx.SkillLine.Skinning).CurrentValue == Me.GetSkill(Styx.SkillLine.Skinning).MaxValue &amp;&amp; Me.GetSkill(Styx.SkillLine.Skinning).CurrentValue &lt; 525" IgnoreCanRun="True">
			<CallSubRoutine SubRoutineName="Train Skinning" />
		</If>
		<If Condition="Me.IsHorde" IgnoreCanRun="True">
			<LoadProfileAction ProfileType="Honorbuddy" Path="HBProfiles\SkinningProfiles\[Horde] Skinning 1-525 [AtticusG3][QO].xml" />
			<If Condition="Me.GetSkill(Styx.SkillLine.Skinning).CurrentValue == 0" IgnoreCanRun="True">
				<TrainSkillAction NpcEntry="7088" Location="1852.908, -4570.059, 24.98104" />
			</If>
			<If Condition="InbagCount (7005) == 0" IgnoreCanRun="True">
				<MoveToAction Location="1854.966, -4559.598, 24.9805" MoveType="Location" Pathing="Navigator" Entry="0" />
				<InteractionAction InteractType="NPC" Entry="3366" InteractDelay="0" GameObjectType="Mailbox" SpellFocus="Anvil" />
				<BuyItemAction NpcEntry="3366" Location="1856.97, -4555.95, 24.98" ItemID="7005" BuyItemType="SpecificItem" Count="1" BuyAdditively="True" />
			</If>
		</If>
		<If Condition="Me.GetSkill(Styx.SkillLine.Skinning).CurrentValue == 525 &amp;&amp; Me.MapId == 1 &amp;&amp; Me.ZoneId == 1637" IgnoreCanRun="True">
			<CustomAction Code="Log(&quot;Stopping HB since We are at 525 skinning&quot;);" />
			<CustomAction Code=" Lua.DoString(&quot;Logout()&quot;);TreeRoot.Stop();" />
		</If>
	</While>
	<SubRoutine SubRoutineName="Train Skinning">
		<CustomAction Code="Log (Color.Blue,&quot;PB: &quot;,Color.GreenYellow,&quot; Going to train Skinning&quot;);" />
		<If Condition="Me.IsHorde" IgnoreCanRun="True">
			<If Condition="Me.MapId == 571" IgnoreCanRun="True">
				<FlyToAction Dismount="True" Location="3446.705, 4106.046, 15.97779" />
				<TrainSkillAction NpcEntry="26986" Location="0, 0, 0" />
				<MoveToAction Location="3411.463, 4171.613, 18.4482" MoveType="Location" Pathing="ClickToMove" Entry="0" />
			</If>
			<If Condition="Me.MapId == 1" IgnoreCanRun="True">
				<CustomAction Code="Log(&quot;Training Skinning in Org&quot;);" />
				<FlyToAction Dismount="True" Location="2010.681, -4692.224, 28.69317" />
				<TrainSkillAction NpcEntry="44782" Location="0, 0, 0" />
				<CallSubRoutine SubRoutineName="Empty Bags" />
			</If>
		</If>
		<If Condition="Me.IsAlliance" IgnoreCanRun="True">
			<If Condition="Me.MapId == 0" IgnoreCanRun="True">
				<CustomAction Code="Log(&quot;Training Skinning&quot;);" />
				<TrainSkillAction NpcEntry="1292" Location="-8716.408, 469.4141, 98.61417" />
			</If>
			<If Condition="Me.MapId == 530" IgnoreCanRun="True">
				<CustomAction Code="Log(&quot;Training Skinning&quot;);" />
				<TrainSkillAction NpcEntry="18777" Location="-693.8336, 2724.696, 94.11015" />
			</If>
			<If Condition="Me.MapId == 571" IgnoreCanRun="True">
				<FlyToAction Dismount="True" Location="2134.552, 5250.273, 19.44688" />
				<TrainSkillAction NpcEntry="27000" Location="2136.098, 5255.882, 19.44816" />
			</If>
		</If>
	</SubRoutine>
	<SubRoutine SubRoutineName="Empty Bags">
		<CustomAction Code="Log (Color.Blue,&quot;PB: &quot;,Color.GreenYellow,&quot;Selling junk &amp; auctioning leather&quot;);" />
		<If Condition="Me.IsHorde &amp;&amp; Me.MapId == 571" IgnoreCanRun="True">
			<MoveToAction Location="5904.744, 728.9974, 640.0675" MoveType="Location" Pathing="Navigator" Entry="0" />
			<MoveToAction Location="5927.306, 727.6746, 642.1336" MoveType="Location" Pathing="ClickToMove" Entry="0" />
		</If>
		<If Condition="Me.IsHorde &amp;&amp; Me.MapId == 1" IgnoreCanRun="True">
			<MoveToAction Location="2010.681, -4692.224, 28.69317" MoveType="Location" Pathing="Navigator" Entry="0" />
		</If>
		<If Condition="Me.IsAlliance" IgnoreCanRun="True">
			<MoveToAction Location="-8392.317, 626.57, 95.29549" MoveType="Location" Pathing="Navigator" Entry="0" />
		</If>
		<SellItemAction Sell="All" NpcEntry="0" Location="0, 0, 0" SellItemType="Greys" ItemID="" Count="0" />
		<SellItemOnAhAction Category="TradeGoods" SubCategoryType="WoWItemTradeGoodsClass" SubCategory="Leather" UseCategory="True" RunTime="_24_Hours" AmountType="Everything" ItemID="13463" MinBuyout="0g10s0c" MaxBuyout="80g0s0c" StackSize="1" IgnoreStackSizeBelow="1" Amount="10" BidPrecent="95" UndercutPrecent="0.0001" AutoFindAh="True" PostIfBelowMinBuyout="True" Location="0, 0, 0" />
	</SubRoutine>
</Professionbuddy>